{"cameraMode":{"drawMode":0,"name":"Shaded","section":"Shading Mode"},"sceneLighting":false,"audioPlay":false,"sceneViewState":{"showFog":true,"showMaterialUpdate":false,"showSkybox":false,"showFlares":true,"showImageEffects":true,"showParticleSystems":true},"in2DMode":false,"pivot":{"x":-0.2130487561225891,"y":0.16079330444335938,"z":0.15156608819961549},"rotation":{"x":-0.0791153609752655,"y":0.8709380626678467,"z":-0.14933182299137116,"w":-0.4614192545413971},"size":1.4554245471954346,"orthographic":false}