{"cameraMode":{"drawMode":0,"name":"Shaded","section":"Shading Mode"},"sceneLighting":false,"audioPlay":false,"sceneViewState":{"showFog":true,"showMaterialUpdate":false,"showSkybox":false,"showFlares":true,"showImageEffects":true,"showParticleSystems":true},"in2DMode":false,"pivot":{"x":-1.7729742527008057,"y":1.519204020500183,"z":-1.6143922805786133},"rotation":{"x":-0.05147584155201912,"y":0.8111340999603272,"z":-0.07222650200128555,"w":-0.5780961513519287},"size":5.835347652435303,"orthographic":false}